<?xml version="1.0" encoding="UTF-8"?>
<beans xmlns="http://www.springframework.org/schema/beans"
       xmlns:xsi="http://www.w3.org/2001/XMLSchema-instance"
       xmlns:context="http://www.springframework.org/schema/context"
       xmlns:tx="http://www.springframework.org/schema/tx"
       xmlns:aop="http://www.springframework.org/schema/aop"
       xsi:schemaLocation="http://www.springframework.org/schema/beans
          http://www.springframework.org/schema/beans/spring-beans.xsd
          http://www.springframework.org/schema/mvc
          http://www.springframework.org/schema/mvc/spring-mvc.xsd
          http://www.springframework.org/schema/tx
          http://www.springframework.org/schema/tx/spring-tx-3.0.xsd
          http://www.springframework.org/schema/context
          http://www.springframework.org/schema/context/spring-context.xsd
          http://www.springframework.org/schema/aop
          http://www.springframework.org/schema/aop/spring-aop-3.2.xsd">



    <bean id="money" class="org.vendingmachine.MoneyImpl" />

    <bean id="change" class="org.vendingmachine.ChangeImpl" />

    <bean id="item" class="org.vendingmachine.ItemImpl" />

    <bean id="coins" class="org.vendingmachine.CoinsENUM" />

    <bean id="view" class="org.vendingmachine.ViewImpl">
        <constructor-arg ref="money" />
        <constructor-arg ref="change" />
        <constructor-arg ref="item" />
        <constructor-arg ref="service" />
    </bean>

    <bean id="service" class="org.vendingmachine.ServiceImpl">
        <constructor-arg ref="money" />
        <constructor-arg ref="change" />
        <constructor-arg ref="item" />
        <constructor-arg ref="view" />
        <constructor-arg ref="coins" />
    </bean>

    <bean id="junittests" class="./src/test/java/org.vendingmachine/JUnitTestsImpl">
        <constructor-arg ref="money" />
        <constructor-arg ref="change" />
        <constructor-arg ref="item" />
        <constructor-arg ref="coins" />
        <constructor-arg ref="service" />
    </bean>

    <bean id="controller" class="org.vendingmachine.ItemController">
        <constructor-arg ref="money" />
        <constructor-arg ref="change" />
        <constructor-arg ref="item" />
        <constructor-arg ref="service" />
        <constructor-arg ref="view" />
    </bean>


</beans>